"title","pub_year","citation","author","journal","volume","number","pages","publisher","url"
"Proof-of-stake consensus mechanisms for future blockchain networks: fundamentals, applications and opportunities","2019","IEEE Access 7, 85727-85745, 2019","Cong T. Nguyen, Dinh Thai Hoang, Diep N. Nguyen, Dusit Niyato, Huynh Tuong Nguyen, Eryk Dutkiewicz","IEEE Access","7","","85727-85745","IEEE","https://ieeexplore.ieee.org/abstract/document/8746079/"
"Enabling technologies for ultra-reliable and low latency communications: From PHY and MAC layer perspectives","2019","IEEE Communications Surveys & Tutorials 21 (3), 2488-2524, 2019","Gordon J. Sutton, Jie Zeng, Ren Ping Liu, Wei Ni, Diep N. Nguyen, Beeshanga A. Jayawickrama, Xiaojing Huang, Mehran Abolhasan, Zhang Zhang, Eryk Dutkiewicz, Tiejun Lv","","21","3","2488-2524","IEEE","https://ieeexplore.ieee.org/abstract/document/8636206/"
"A comprehensive survey of enabling and emerging technologies for social distancing—Part I: Fundamentals and enabling technologies","2020","IEEE Access 8, 153479-153507, 2020","Cong T. Nguyen, Yuris Mulya Saputra, Nguyen Van Huynh, Ngoc-Tan Nguyen, Tran Viet Khoa, Bui Minh Tuan, Diep N. Nguyen, Dinh Thai Hoang, Thang X. Vu, Eryk Dutkiewicz, Symeon Chatzinotas, Björn Ottersten","","8","","153479-153507","IEEE","https://ieeexplore.ieee.org/abstract/document/9172058/"
"Joint adaptation of frequency hopping and transmission rate for anti-jamming wireless systems","2013","Technical Report TR-UA-ECE-2013-3 The University of Arizona, 2013","Manjesh K. Hanawal, Mohammad J. Abdel-Rahman, Diep Nguyen, Marwan Krunz","Technical Report TR-UA-ECE-2013-3 The University of Arizona","","","","https://www.researchgate.net/publication/336932761_Game_Theoretic_Anti-jamming_Dynamic_Frequency_Hopping_and_Rate_Adaptation_in_Wireless_Systems","https://ieeexplore.ieee.org/abstract/document/7300436/"
"Optimal and fast real-time resource slicing with deep dueling neural networks","2019","IEEE Journal on Selected Areas in Communications 37 (6), 1455-1470, 2019","Nguyen Van Huynh, Dinh Thai Hoang, Diep N. Nguyen, Eryk Dutkiewicz","IEEE Journal on Selected Areas in Communications","37","6","1455-1470","IEEE","https://ieeexplore.ieee.org/abstract/document/8666109/"
"Enabling and emerging technologies for social distancing: a comprehensive survey and open problems","2020","arXiv preprint arXiv:2005.02816, 2020","Cong T. Nguyen, Yuris Mulya Saputra, Nguyen Van Huynh, Ngoc-Tan Nguyen, Tran Viet Khoa, Bui Minh Tuan, Diep N. Nguyen, Dinh Thai Hoang, Thang X. Vu, Eryk Dutkiewicz, Symeon Chatzinotas, Bjorn Ottersten","","","","","","https://arxiv.org/abs/2005.02816"
"A comprehensive survey of enabling and emerging technologies for social distancing—Part II: Emerging technologies and open issues","2020","IEEE Access 8, 154209-154236, 2020","Cong T. Nguyen, Yuris Mulya Saputra, Nguyen Van Huynh, Ngoc-Tan Nguyen, Tran Viet Khoa, Bui Minh Tuan, Diep N. Nguyen, Dinh Thai Hoang, Thang X. Vu, Eryk Dutkiewicz, Symeon Chatzinotas, Björn Ottersten","","8","","154209-154236","IEEE","https://ieeexplore.ieee.org/abstract/document/9172065/"
"Freezing of gait detection in Parkinson's disease: a subject-independent detector using anomaly scores","2017","IEEE Transactions on Biomedical Engineering 64 (11), 2719-2728, 2017","Thuy T. Pham, Steven T. Moore, Simon John Geoffrey Lewis, Diep N. Nguyen, Eryk Dutkiewicz, Andrew J. Fuglevand, Alistair L. McEwan, Philip HW Leong","IEEE Transactions on Biomedical Engineering","64","11","2719-2728","IEEE","https://ieeexplore.ieee.org/abstract/document/7845616/"
"“jam me if you can:” defeating jammer with deep dueling neural network architecture and ambient backscattering augmented communications","2019","IEEE Journal on Selected Areas in Communications 37 (11), 2603-2620, 2019","Nguyen Van Huynh, Diep N. Nguyen, Dinh Thai Hoang, Eryk Dutkiewicz","IEEE Journal on Selected Areas in Communications","37","11","2603-2620","IEEE","https://ieeexplore.ieee.org/abstract/document/8792369/"
"Distributed deep learning at the edge: A novel proactive and cooperative caching framework for mobile edge networks","2019","IEEE Wireless Communications Letters 8 (4), 1220-1223, 2019","Yuris Mulya Saputra, Dinh Thai Hoang, Diep N. Nguyen, Eryk Dutkiewicz, Dusit Niyato, Dong In Kim","IEEE Wireless Communications Letters","8","4","1220-1223","IEEE","https://ieeexplore.ieee.org/abstract/document/8693954/"
"Enabling ultra-reliable and low-latency communications through unlicensed spectrum","2018","IEEE Network 32 (2), 70-77, 2018","Gordon J. Sutton, Jie Zeng, Ren Ping Liu, Wei Ni, Diep N. Nguyen, Beeshanga A. Jayawickrama, Xiaojing Huang, Mehran Abolhasan, Zhang Zhang","IEEE Network","32","2","70-77","IEEE","https://ieeexplore.ieee.org/abstract/document/8329627/"
"Cooperative MIMO in wireless networks: recent developments and challenges","2013","IEEE Network 27 (4), 48-54, 2013","Diep N. Nguyen, Marwan Krunz","IEEE Network","27","4","48-54","IEEE","https://ieeexplore.ieee.org/abstract/document/6574665/"
"Learning latent representation for iot anomaly detection","2020","IEEE Transactions on Cybernetics 52 (5), 3769-3782, 2020","Ly Vu, Quang Uy Nguyen, Diep N. Nguyen, Dinh Thai Hoang, Eryk Dutkiewicz","IEEE Transactions on Cybernetics","52","5","3769-3782","IEEE","https://ieeexplore.ieee.org/abstract/document/9199886/"
"Game theoretic anti-jamming dynamic frequency hopping and rate adaptation in wireless systems","2013","Technical Report TR-UA-ECE-2013-3 The University of Arizona, 247-254, 2013","Manjesh K. Hanawal, Mohammad J. Abdel-Rahman, D. Nguyen, Marwan Krunz","","","","247-254","IEEE","https://ieeexplore.ieee.org/abstract/document/6850306/"
"Deep transfer learning for IoT attack detection","2020","IEEE Access 8, 107335-107344, 2020","Ly Vu, Quang Uy Nguyen, Diep N. Nguyen, Dinh Thai Hoang, Eryk Dutkiewicz","IEEE Access","8","","107335-107344","IEEE","https://ieeexplore.ieee.org/abstract/document/9110582/"
"Joint power control and user association for NOMA-based full-duplex systems","2019","IEEE Transactions on Communications 67 (11), 8037-8055, 2019","Hieu V. Nguyen, Van-Dinh Nguyen, Octavia A. Dobre, Diep N. Nguyen, Eryk Dutkiewicz, Oh-Soon Shin","IEEE Transactions on Communications","67","11","8037-8055","IEEE","https://ieeexplore.ieee.org/abstract/document/8788625/"
"A dynamic edge caching framework for mobile 5G networks","2018","IEEE Wireless Communications 25 (5), 95-103, 2018","Dinh Thai Hoang, Dusit Niyato, Diep N. Nguyen, Eryk Dutkiewicz, Ping Wang, Zhu Han","IEEE Wireless Communications","25","5","95-103","IEEE","https://ieeexplore.ieee.org/abstract/document/8443597/"
"Transfer learning for wireless networks: A comprehensive survey","2022","Proceedings of the IEEE, 2022","Cong T. Nguyen, Nguyen Van Huynh, Nam H. Chu, Yuris Mulya Saputra, Dinh Thai Hoang, Diep N. Nguyen, Quoc-Viet Pham, Dusit Niyato, Eryk Dutkiewicz, Won-Joo Hwang","","","","","IEEE","https://ieeexplore.ieee.org/abstract/document/9789336/"
"Cognitive networks with in-band full-duplex radios: Jamming attacks and countermeasures","2019","IEEE Transactions on Cognitive Communications and Networking 6 (1), 296-309, 2019","Manjesh K. Hanawal, Diep N. Nguyen, Marwan Krunz","IEEE Transactions on Cognitive Communications and Networking","6","1","296-309","IEEE","https://ieeexplore.ieee.org/abstract/document/8790787/"
"Optimal and low-complexity dynamic spectrum access for RF-powered ambient backscatter system with online reinforcement learning","2019","IEEE Transactions on Communications 67 (8), 5736-5752, 2019","Nguyen Van Huynh, Dinh Thai Hoang, Diep N. Nguyen, Eryk Dutkiewicz, Dusit Niyato, Ping Wang","IEEE Transactions on Communications","67","8","5736-5752","IEEE","https://ieeexplore.ieee.org/abstract/document/8703118/"
"A cooperative MIMO framework for wireless sensor networks","2014","ACM Transactions on Sensor Networks (TOSN) 10 (3), 1-28, 2014","Diep N. Nguyen, Marwan Krunz","ACM Transactions on Sensor Networks (TOSN)","10","3","1-28","ACM","https://dl.acm.org/doi/abs/10.1145/2499381"
"A novel mobile edge network architecture with joint caching-delivering and horizontal cooperation","2019","IEEE Transactions on Mobile Computing 20 (1), 19-31, 2019","Yuris Mulya Saputra, Dinh Thai Hoang, Diep N. Nguyen, Eryk Dutkiewicz","IEEE Transactions on Mobile Computing","20","1","19-31","IEEE","https://ieeexplore.ieee.org/abstract/document/8821308/"
"Swarm intelligence for next-generation networks: Recent advances and applications","2021","Journal of Network and Computer Applications 191, 103141, 2021","Quoc-Viet Pham, Dinh C. Nguyen, Seyedali Mirjalili, Dinh Thai Hoang, Diep N. Nguyen, Pubudu N. Pathirana, Won-Joo Hwang","","191","","103141","Academic Press","https://www.sciencedirect.com/science/article/pii/S1084804521001582"
"Sensing OFDM signal: A deep learning approach","2019","IEEE Transactions on Communications 67 (11), 7785-7798, 2019","Qingqing Cheng, Zhenguo Shi, Diep N. Nguyen, Eryk Dutkiewicz","IEEE Transactions on Communications","67","11","7785-7798","IEEE","https://ieeexplore.ieee.org/abstract/document/8827563/"
"Price-based joint beamforming and spectrum management in multi-antenna cognitive radio networks","2012","IEEE Journal on Selected Areas in Communications 30 (11), 2295-2305, 2012","Diep N. Nguyen, Marwan Krunz","IEEE Journal on Selected Areas in Communications","30","11","2295-2305","IEEE","https://ieeexplore.ieee.org/abstract/document/6354287/"
"Power minimization in MIMO cognitive networks using beamforming games","2013","IEEE Journal on Selected Areas in Communications 31 (5), 916-925, 2013","Diep N. Nguyen, Marwan Krunz","IEEE Journal on Selected Areas in Communications","31","5","916-925","IEEE","https://ieeexplore.ieee.org/abstract/document/6502486/"
"Optimal energy efficiency with delay constraints for multi-layer cooperative fog computing networks","2021","IEEE Transactions on Communications 69 (6), 3911-3929, 2021","Thai T. Vu, Diep N. Nguyen, Dinh Thai Hoang, Eryk Dutkiewicz, Thuy V. Nguyen","IEEE Transactions on Communications","69","6","3911-3929","IEEE","https://ieeexplore.ieee.org/abstract/document/9371744/"
"Subject-independent ERP-based brain–computer interfaces","2018","IEEE Transactions on Neural Systems and Rehabilitation Engineering 26 (4 …, 2018","Kha Vo, Thuy Pham, Diep N. Nguyen, Ha Hoang Kha, Eryk Dutkiewicz","IEEE Transactions on Neural Systems and Rehabilitation Engineering","26","4","719-728","IEEE","https://ieeexplore.ieee.org/abstract/document/8304676/"
"Clustering and power management for virtual MIMO communications in wireless sensor networks","2013","Ad Hoc Networks 11 (5), 1571-1587, 2013","Marwan Krunz, Mohammad Z. Siam, Diep N. Nguyen","Ad Hoc Networks","11","5","1571-1587","Elsevier","https://www.sciencedirect.com/science/article/pii/S157087051200220X"
"Federated learning meets contract theory: Economic-efficiency framework for electric vehicle networks","2020","IEEE Transactions on Mobile Computing 21 (8), 2803-2817, 2020","Yuris Mulya Saputra, Diep N. Nguyen, Dinh Thai Hoang, Thang X. Vu, Eryk Dutkiewicz, Symeon Chatzinotas","IEEE Transactions on Mobile Computing","21","8","2803-2817","IEEE","https://ieeexplore.ieee.org/abstract/document/9300192/"
"Acupuncture and its role in the treatment of migraine headaches","2020","Neurology and therapy 9, 375-394, 2020","Ivan Urits, Megha Patel, Mary Elizabeth Putz, Nikolas R. Monteferrante, Diep Nguyen, Daniel An, Elyse M. Cornett, Jamal Hasoon, Alan D. Kaye, Omar Viswanath","","9","","375-394","Springer Healthcare","https://link.springer.com/article/10.1007/s40120-020-00216-1"
"Friendly jamming in a MIMO wiretap interference network: A nonconvex game approach","2017","IEEE Journal on Selected Areas in Communications 35 (3), 601-614, 2017","Peyman Siyari, Marwan Krunz, Diep N. Nguyen","IEEE Journal on Selected Areas in Communications","35","3","601-614","IEEE","https://ieeexplore.ieee.org/abstract/document/7835213/"
"Machine learning-enabled joint antenna selection and precoding design: From offline complexity to online performance","2021","IEEE Transactions on Wireless Communications 20 (6), 3710-3722, 2021","Thang X. Vu, Symeon Chatzinotas, Van-Dinh Nguyen, Dinh Thai Hoang, Diep N. Nguyen, Marco Di Renzo, Björn Ottersten","IEEE Transactions on Wireless Communications","20","6","3710-3722","IEEE","https://ieeexplore.ieee.org/abstract/document/9337188/"
"Efficient zero-forcing precoder design for weighted sum-rate maximization with per-antenna power constraint","2017","IEEE Transactions on Vehicular Technology 67 (4), 3640-3645, 2017","Thuy M. Pham, Ronan Farrell, John Dooley, Eryk Dutkiewicz, Diep N. Nguyen, Le-Nam Tran","IEEE Transactions on Vehicular Technology","67","4","3640-3645","IEEE","https://ieeexplore.ieee.org/abstract/document/8118138/"
"Full-duplex MIMO radios: A greener networking solution","2018","IEEE Transactions on Green Communications and Networking 2 (3), 652-665, 2018","Diep N. Nguyen, Marwan Krunz, Eryk Dutkiewicz","IEEE Transactions on Green Communications and Networking","2","3","652-665","IEEE","https://ieeexplore.ieee.org/abstract/document/8403261/"
"Ambient backscatter: A novel method to defend jamming attacks for wireless networks","2019","IEEE Wireless Communications Letters 9 (2), 175-178, 2019","Nguyen Van Huynh, Diep N. Nguyen, Dinh Thai Hoang, Eryk Dutkiewicz, Markus Mueck","IEEE Wireless Communications Letters","9","2","175-178","IEEE","https://ieeexplore.ieee.org/abstract/document/8869911/"
""" Borrowing Arrows with Thatched Boats"": The Art of Defeating Reactive Jammers in IoT Networks","2020","IEEE Wireless Communications 27 (3), 79-87, 2020","Dinh Thai Hoang, Diep N. Nguyen, Mohammad Abu Alsheikh, Shimin Gong, Eryk Dutkiewicz, Dusit Niyato, Zhu Han","IEEE Wireless Communications","27","3","79-87","IEEE","https://ieeexplore.ieee.org/abstract/document/9116092/"
"Deep learning network based spectrum sensing methods for OFDM systems","2018","arXiv preprint arXiv:1807.09414, 2018","Qingqing Cheng, Zhenguo Shi, Diep N. Nguyen, Eryk Dutkiewicz","arXiv preprint arXiv:1807.09414","","","","","https://arxiv.org/abs/1807.09414"
"Distributed power control in single-stream MIMO wiretap interference networks with full-duplex jamming receivers","2018","IEEE Transactions on Signal Processing 67 (3), 594-608, 2018","Peyman Siyari, Marwan Krunz, Diep N. Nguyen","IEEE Transactions on Signal Processing","67","3","594-608","IEEE","https://ieeexplore.ieee.org/abstract/document/8543667/"
"Energy-efficient spectrum sensing for IoT devices","2020","IEEE Systems Journal 15 (1), 1077-1085, 2020","Nhu-Ngoc Dao, Woongsoo Na, Anh-Tien Tran, Diep N. Nguyen, Sungrae Cho","IEEE Systems Journal","15","1","1077-1085","IEEE","https://ieeexplore.ieee.org/abstract/document/9079930/"
"On design of protograph LDPC codes for large-scale MIMO systems","2020","IEEE Access 8, 46017-46029, 2020","Hieu D. Vu, Thuy V. Nguyen, Diep N. Nguyen, Hieu T. Nguyen","IEEE Access","8","","46017-46029","IEEE","https://ieeexplore.ieee.org/abstract/document/9026873/"
"DeepFake: Deep dueling-based deception strategy to defeat reactive jammers","2021","IEEE Transactions on Wireless Communications 20 (10), 6898-6914, 2021","Nguyen Van Huynh, Dinh Thai Hoang, Diep N. Nguyen, Eryk Dutkiewicz","IEEE Transactions on Wireless Communications","20","10","6898-6914","IEEE","https://ieeexplore.ieee.org/abstract/document/9432815/"
"Development of 3-DOF force feedback system using spherical arm mechanism and MR brakes","2020","International Journal of Mechanical Engineering and Robotics Research 9 (2 …, 2020","Hung Q. Nguyen, Thang D. Le, Diep N. Nguyen, Tuan D. Le, Thang V. Lang, TV Ngo","International Journal of Mechanical Engineering and Robotics Research","9","2","170-176","","https://scholar.google.com/scholar?cluster=6720561385081559675&hl=en&oi=scholarr"
"Dynamic federated learning-based economic framework for internet-of-vehicles","2021","IEEE Transactions on Mobile Computing, 2021","Yuris Mulya Saputra, Hoang Thai Dinh, Diep Nguyen, Le-Nam Tran, Shimin Gong, Eryk Dutkiewicz","IEEE Transactions on Mobile Computing","","","","IEEE","https://ieeexplore.ieee.org/abstract/document/9585537/"
"Performance analysis of protograph LDPC codes over large-scale MIMO channels with low-resolution ADCs","2019","IEEE Access 7, 145145-145160, 2019","Thuy V. Nguyen, Hieu D. Vu, Diep N. Nguyen, Hieu T. Nguyen","IEEE Access","7","","145145-145160","IEEE","https://ieeexplore.ieee.org/abstract/document/8853252/"
"Metaslicing: A novel resource allocation framework for metaverse","2022","arXiv preprint arXiv:2205.11087, 2022","Nam H. Chu, Dinh Thai Hoang, Diep N. Nguyen, Khoa T. Phan, Eryk Dutkiewicz","arXiv preprint arXiv:2205.11087","","","","","https://arxiv.org/abs/2205.11087"
"Solving the k-dominating set problem on very large-scale networks","2020","Computational Social Networks 7, 1-15, 2020","Minh Hai Nguyen, Minh Hoàng Hà, Diep N. Nguyen, The Trung Tran","Computational Social Networks","7","","1-15","Springer International Publishing","https://link.springer.com/article/10.1186/s40649-020-00078-5"
"Leveraging secondary reflections and mitigating interference in multi-IRS/RIS aided wireless network","2022","IEEE Transactions on Wireless Communications, 2022","Tu V. Nguyen, Diep N. Nguyen, Marco Di Renzo, Rui Zhang","IEEE Transactions on Wireless Communications","","","","IEEE","https://ieeexplore.ieee.org/abstract/document/9852985/"
"Optimal beam association for high mobility mmwave vehicular networks: Lightweight parallel reinforcement learning approach","2021","IEEE Transactions on Communications 69 (9), 5948-5961, 2021","Nguyen Van Huynh, Diep N. Nguyen, Dinh Thai Hoang, Eryk Dutkiewicz","IEEE Transactions on Communications","69","9","5948-5961","IEEE","https://ieeexplore.ieee.org/abstract/document/9450837/"
"Time scheduling and energy trading for heterogeneous wireless-powered and backscattering-based IoT networks","2021","IEEE Transactions on Wireless Communications 20 (10), 6835-6851, 2021","Ngoc-Tan Nguyen, Diep N. Nguyen, Dinh Thai Hoang, Nguyen Van Huynh, Eryk Dutkiewicz, Nam-Hoang Nguyen, Quoc-Tuan Nguyen","IEEE Transactions on Wireless Communications","20","10","6835-6851","IEEE","https://ieeexplore.ieee.org/abstract/document/9427058/"
"Blockroam: Blockchain-based roaming management system for future mobile networks","2021","IEEE Transactions on Mobile Computing 21 (11), 3880-3894, 2021","Cong T. Nguyen, Diep N. Nguyen, Dinh Thai Hoang, Hoang-Anh Pham, Nguyen Huynh Tuong, Yong Xiao, Eryk Dutkiewicz","IEEE Transactions on Mobile Computing","21","11","3880-3894","IEEE","https://ieeexplore.ieee.org/abstract/document/9376903/"
"Energy-efficient dual-hop internet of things communications network with delay-outage constraints","2020","IEEE Transactions on Industrial Informatics 17 (7), 4892-4903, 2020","Khoa T. Phan, Phat Huynh, Diep N. Nguyen, Duy T. Ngo, Yi Hong, Tho Le-Ngoc","IEEE Transactions on Industrial Informatics","17","7","4892-4903","IEEE","https://ieeexplore.ieee.org/abstract/document/9210192/"
"Trust-based scheduling framework for big data processing with MapReduce","2019","IEEE Transactions on Services Computing 15 (1), 279-293, 2019","Thanh Dat Dang, Doan Hoang, Diep N. Nguyen","IEEE Transactions on Services Computing","15","1","279-293","IEEE","https://ieeexplore.ieee.org/abstract/document/8823036/"
"A profiling analysis of contributions of cigarette smoking, dietary calcium intakes, and physical activity to fragility fracture in the elderly","2018","Scientific Reports 8 (1), 1-9, 2018","Thuy T. Pham, Diep N. Nguyen, Eryk Dutkiewicz, Jacqueline R. Center, John A. Eisman, Tuan V. Nguyen","Scientific Reports","8","1","1-9","Nature Publishing Group","https://link.springer.com/content/pdf/10.1038/s41598-018-28660-y.pdf"
"In-network computation for large-scale federated learning over wireless edge networks","2022","IEEE Transactions on Mobile Computing, 2022","Thinh Quang Dinh, Diep N. Nguyen, Dinh Thai Hoang, Tran Vu Pham, Eryk Dutkiewicz","IEEE Transactions on Mobile Computing","","","","IEEE","https://ieeexplore.ieee.org/abstract/document/9831099/"
"Defeating super-reactive jammers with deception strategy: Modeling, signal detection, and performance analysis","2022","IEEE Transactions on Wireless Communications 21 (9), 7374-7390, 2022","Nguyen Van Huynh, Diep N. Nguyen, Dinh Thai Hoang, Thang X. Vu, Eryk Dutkiewicz, Symeon Chatzinotas","IEEE Transactions on Wireless Communications","21","9","7374-7390","IEEE","https://ieeexplore.ieee.org/abstract/document/9737032/"
"Joint speed control and energy replenishment optimization for UAV-assisted IoT data collection with deep reinforcement transfer learning","2022","IEEE Internet of Things Journal, 2022","Nam H. Chu, Dinh Thai Hoang, Diep N. Nguyen, Nguyen Van Huynh, Eryk Dutkiewicz","IEEE Internet of Things Journal","","","","IEEE","https://ieeexplore.ieee.org/abstract/document/9712630/"
"Joint coding and scheduling optimization for distributed learning over wireless edge networks","2021","IEEE Journal on Selected Areas in Communications 40 (2), 484-498, 2021","Nguyen Van Huynh, Dinh Thai Hoang, Diep N. Nguyen, Eryk Dutkiewicz","IEEE Journal on Selected Areas in Communications","40","2","484-498","IEEE","https://ieeexplore.ieee.org/abstract/document/9563062/"
"AI in the intensive care unit: up-to-date review","2021","Journal of Intensive Care Medicine 36 (10), 1115-1123, 2021","Diep Nguyen, Brandon Ngo, Eric vanSonnenberg","","36","10","1115-1123","SAGE Publications","https://journals.sagepub.com/doi/pdf/10.1177/0885066620956620"
"Suppression of multiple spatially correlated jammers","2021","IEEE Transactions on Vehicular Technology 70 (10), 10489-10500, 2021","Linh Manh Hoang, J. Andrew Zhang, Diep N. Nguyen, Xiaojing Huang, Asanka Kekirigoda, Kin-Ping Hui","IEEE Transactions on Vehicular Technology","70","10","10489-10500","IEEE","https://ieeexplore.ieee.org/abstract/document/9527146/"
"Preserving honest/dishonest users’ operational privacy with blind interference calculation in spectrum sharing system","2019","IEEE Transactions on Mobile Computing 19 (12), 2874-2890, 2019","Qingqing Cheng, Diep N. Nguyen, Eryk Dutkiewicz, Markus Mueck","IEEE Transactions on Mobile Computing","19","12","2874-2890","IEEE","https://ieeexplore.ieee.org/abstract/document/8807250/"
"Power games for secure communications in single-stream MIMO interference networks","2018","IEEE Transactions on Wireless Communications 17 (9), 5759-5773, 2018","Peyman Siyari, Marwan Krunz, Diep N. Nguyen","IEEE Transactions on Wireless Communications","17","9","5759-5773","IEEE","https://ieeexplore.ieee.org/abstract/document/8396272/"
"Negotiable auction based on mixed graph: A novel spectrum sharing framework","2017","IEEE Transactions on Cognitive Communications and Networking 3 (3), 390-403, 2017","Huiyang Wang, Diep N. Nguyen, Eryk Dutkiewicz, Gengfa Fang, Markus Dominik Mueck","IEEE Transactions on Cognitive Communications and Networking","3","3","390-403","IEEE","https://ieeexplore.ieee.org/abstract/document/7994693/"
"Deep transfer learning: A novel collaborative learning model for cyberattack detection systems in IoT networks","2022","IEEE Internet of Things Journal, 2022","Tran Viet Khoa, Dinh Thai Hoang, Nguyen Linh Trung, Cong T. Nguyen, Tran Thi Thuy Quynh, Diep N. Nguyen, Nguyen Viet Ha, Eryk Dutkiewicz","IEEE Internet of Things Journal","","","","IEEE","https://ieeexplore.ieee.org/abstract/document/9868083/"
"Secure swarm UAV-assisted communications with cooperative friendly jamming","2022","IEEE Internet of Things Journal 9 (24), 25596-25611, 2022","Hanh Dang-Ngoc, Diep N. Nguyen, Khuong Ho-Van, Dinh Thai Hoang, Eryk Dutkiewicz, Quoc-Viet Pham, Won-Joo Hwang","IEEE Internet of Things Journal","9","24","25596-25611","IEEE","https://ieeexplore.ieee.org/abstract/document/9854848/"
"Hcfl: A high compression approach for communication-efficient federated learning in very large scale iot networks","2022","IEEE Transactions on Mobile Computing, 2022","Minh-Duong Nguyen, Sang-Min Lee, Quoc-Viet Pham, Dinh Thai Hoang, Diep N. Nguyen, Won-Joo Hwang","IEEE Transactions on Mobile Computing","","","","IEEE","https://ieeexplore.ieee.org/abstract/document/9829327/"
"A new perspective on small-scale treatment systems for arsenic affected groundwater","2021","Environmental Technology & Innovation 23, 101780, 2021","Hung C. Duong, Lan TT Tran, Minh T. Vu, Diep Nguyen, Nga TV Tran, Long D. Nghiem","","23","","101780","Elsevier","https://www.sciencedirect.com/science/article/pii/S2352186421004284"
"Protuberant Electrode Structures for Subretinal Electrical Stimulation: Modeling, Fabrication and in vivo Evaluation","2019","Frontiers in Neuroscience 13, 885, 2019","Pedro González Losada, Lionel Rousseau, Marjorie Grzeskowiak, Manon Valet, Diep Nguyen, Julie Dégardin, Elisabeth Dubus, Serge Picaud, Gaelle Lissorgues","Frontiers in Neuroscience","13","","885","Frontiers Media SA","https://www.frontiersin.org/articles/10.3389/fnins.2019.00885/full"
"Distributed Bargaining Mechanisms for MIMO Dynamic Spectrum Access Systems","2015","IEEE Transactions on Cognitive Communications and Networking 1 (1), 113-127, 2015","Diep N. Nguyen, Marwan Krunz, Stephen V. Hanly","IEEE Transactions on Cognitive Communications and Networking","1","1","113-127","IEEE","https://ieeexplore.ieee.org/abstract/document/7312950/"
"Deep generative learning models for cloud intrusion detection systems","2022","IEEE Transactions on Cybernetics 53 (1), 565-577, 2022","Ly Vu, Quang Uy Nguyen, Diep N. Nguyen, Dinh Thai Hoang, Eryk Dutkiewicz","IEEE Transactions on Cybernetics","53","1","565-577","IEEE","https://ieeexplore.ieee.org/abstract/document/9760282/"
"Quadrature broadband phase shift generation using passive RC polyphase filter for RF front-end","2016","2016 16th International Symposium on Communications and Information …, 2016","Meriam Gay Bautista, Eryk Dutkiewicz, Xiaojing Huang, Diep Nguyen, Forest Zhu","","","","597-601","IEEE","https://ieeexplore.ieee.org/abstract/document/7751702/"
"Unmanned air systems","2012","Gps World 23 (3), 10-16, 2012","Alison K. Brown, Dien Nguyen, Paige Felker, Glenn Colby, Frank Allen","Gps World","23","3","10-16","Advanstar Communications, Inc., 131 W. First St. Duluth MN 55802 United States","https://scholar.google.com/scholar?cluster=2452796287354802959&hl=en&oi=scholarr"
"Fedchain: Secure proof-of-stake-based framework for federated-blockchain systems","2023","IEEE Transactions on Services Computing, 2023","Cong T. Nguyen, Dinh Thai Hoang, Diep N. Nguyen, Yong Xiao, Hoang-Anh Pham, Eryk Dutkiewicz, Nguyen Huynh Tuong","IEEE Transactions on Services Computing","","","","IEEE","https://ieeexplore.ieee.org/abstract/document/10027472/"
"EEG peak detection in cognitive conflict processing using summit navigator and clustering-based ranking","2022","IEEE Transactions on Neural Systems and Rehabilitation Engineering 30, 1548-1556, 2022","Tran Hiep Dinh, Avinash Kumar Singh, Nguyen Linh Trung, Diep N. Nguyen, Chin-Teng Lin","IEEE Transactions on Neural Systems and Rehabilitation Engineering","30","","1548-1556","IEEE","https://ieeexplore.ieee.org/abstract/document/9785809/"
"Analog-Domain Suppression of Strong Interference Using Hybrid Antenna Array","2022","Sensors 22 (6), 2417, 2022","Kai Wu, J. Andrew Zhang, Xiaojing Huang, Y. Jay Guo, Diep N. Nguyen, Asanka Kekirigoda, Kin-Ping Hui","Sensors","22","6","2417","MDPI","https://www.mdpi.com/1552076"
"Customized Gamification Design in Augmented Reality Training for Manual Assembly Task","2020","no. c, 443-446, 2020","Diep Nguyen, Gerrit Meixner","no. c","","","443-446","","http://personales.upv.es/thinkmind/dl/conferences/achi/achi_2020/achi_2020_5_520_20201.pdf"
"A survey of gamified Augmented Reality systems for procedural tasks in industrial settings","2020","IFAC-PapersOnLine 53 (2), 10096-10100, 2020","Diep Nguyen, Gerrit Meixner","IFAC-PapersOnLine","53","2","10096-10100","Elsevier","https://www.sciencedirect.com/science/article/pii/S2405896320334960"
"An energy-balanced routing algorithm in wireless seismic sensor network","2016","Journal of Computational and Theoretical Nanoscience 13 (10), 6823-6833, 2016","Xunqian Tong, Gengfa Fang, Diep Nguyen, Jun Lin, Emerson Cabrera","Journal of Computational and Theoretical Nanoscience","13","10","6823-6833","American Scientific Publishers","https://www.ingentaconnect.com/contentone/asp/jctn/2016/00000013/00000010/art00053"
"Power minimization in mimo cognitive networks","2013","University of Arizona, Tech. Rep. TR-UA-ECE-2013-1, 2013","D Nguyen, Marwan Krunz","University of Arizona, Tech. Rep. TR-UA-ECE-2013-1","","","","","https://www.researchgate.net/profile/Diep-Nguyen-64/publication/260635480_Power_Minimization_in_MIMO_Cognitive_Networks_using_Beamforming_Games/links/5d6b152a92851c8538838de5/Power-Minimization-in-MIMO-Cognitive-Networks-using-Beamforming-Games.pdf"
"Joint power allocation and rate control for rate splitting multiple access networks with covert communications","2023","IEEE Transactions on Communications, 2023","Nguyen Quang Hieu, Dinh Thai Hoang, Dusit Niyato, Diep N. Nguyen, Dong In Kim, Abbas Jamalipour","IEEE Transactions on Communications","","","","IEEE","https://ieeexplore.ieee.org/abstract/document/10038571/"
"When virtual reality meets rate splitting multiple access: A joint communication and computation approach","2023","IEEE Journal on Selected Areas in Communications, 2023","Nguyen Quang Hieu, Diep N. Nguyen, Dinh Thai Hoang, Eryk Dutkiewicz","IEEE Journal on Selected Areas in Communications","","","","IEEE","https://ieeexplore.ieee.org/abstract/document/10033423/"
"Time-sensitive Learning for Heterogeneous Federated Edge Intelligence","2023","IEEE Transactions on Mobile Computing, 2023","Yong Xiao, Xiaohan Zhang, Yingyu Li, Guangming Shi, Marwan Krunz, Diep N. Nguyen, Dinh Thai Hoang","IEEE Transactions on Mobile Computing","","","","IEEE","https://ieeexplore.ieee.org/abstract/document/10018200/"
"High-accuracy low-cost privacy-preserving federated learning in IoT systems via adaptive perturbation","2022","Journal of Information Security and Applications 70, 103309, 2022","Tian Liu, Xueyang Hu, Hairuo Xu, Tao Shu, Diep N. Nguyen","Journal of Information Security and Applications","70","","103309","Elsevier","https://www.sciencedirect.com/science/article/pii/S2214212622001582"
"Elastic Resource Allocation for Coded Distributed Computing over Heterogeneous Wireless Edge Networks","2022","IEEE Transactions on Wireless Communications, 2022","Cong T. Nguyen, Diep N. Nguyen, Dinh Thai Hoang, Khoa Tran Phan, Dusit Niyato, Hoang-Anh Pham, Eryk Dutkiewicz","IEEE Transactions on Wireless Communications","","","","IEEE","https://ieeexplore.ieee.org/abstract/document/9925907/"
"Finite-Blocklength RIS-Aided Transmit Beamforming","2022","IEEE Transactions on Vehicular Technology 71 (11), 12374-12379, 2022","Monir Abughalwa, Hoang D. Tuan, Diep N. Nguyen, H. Vincent Poor, Lajos Hanzo","IEEE Transactions on Vehicular Technology","71","11","12374-12379","IEEE","https://ieeexplore.ieee.org/abstract/document/9839546/"
"Federated learning framework with straggling mitigation and privacy-awareness for ai-based mobile application services","2022","IEEE Transactions on Mobile Computing, 2022","Yuris Mulya Saputra, Diep Nguyen, Hoang Thai Dinh, Quoc-Viet Pham, Eryk Dutkiewicz, Won-Joo Hwang","IEEE Transactions on Mobile Computing","","","","IEEE","https://ieeexplore.ieee.org/abstract/document/9785706/"
"Collaborative Learning for Cyberattack Detection in Blockchain Networks","2022","arXiv preprint arXiv:2203.11076, 2022","Tran Viet Khoa, Do Hai Son, Dinh Thai Hoang, Nguyen Linh Trung, Tran Thi Thuy Quynh, Diep N. Nguyen, Nguyen Viet Ha, Eryk Dutkiewicz","arXiv preprint arXiv:2203.11076","","","","","https://arxiv.org/abs/2203.11076"
"A Novel Covert Communication Method using Ambient Backscatter Communications","2022","arXiv preprint arXiv:2201.06204, 2022","Nguyen Van Huynh, Nguyen Quang Hieu, Nam H. Chu, Diep N. Nguyen, Dinh Thai Hoang, Eryk Dutkiewicz","arXiv preprint arXiv:2201.06204","","","","","https://arxiv.org/abs/2201.06204"
"Energy-based Proportional Fairness in Cooperative Edge Computing","2022","arXiv preprint arXiv:2201.00910, 2022","Thai T. Vu, Dinh Thai Hoang, Khoa T. Phan, Diep N. Nguyen, Eryk Dutkiewicz","arXiv preprint arXiv:2201.00910","","","","","https://arxiv.org/abs/2201.00910"
"Coded Federated Learning Framework for AI-Based Mobile Application Services with Privacy-Awareness","2021","arXiv preprint, 2021","Yuris Mulya Saputra, Diep N. Nguyen, Dinh Thai Hoang, Eryk Dutkiewicz","arXiv preprint","","","","","https://www.academia.edu/download/87389053/2106.09261v1.pdf"
"Jointly Optimize Coding and Node Selection for Distributed Computing over Wireless Edge Networks","2021","arXiv preprint arXiv:2106.05475, 2021","Cong T. Nguyen, Diep N. Nguyen, Dinh Thai Hoang, Hoang-Anh Pham, Eryk Dutkiewicz","arXiv preprint arXiv:2106.05475","","","","","https://arxiv.org/abs/2106.05475"
"Wireless Edge Caching: Modeling, Analysis, and Optimization","2021","Cambridge University Press, 2021","Thang X. Vu, Ejder Baştuğ, Symeon Chatzinotas, Tony QS Quek","","","","","Cambridge University Press","https://books.google.com/books?hl=en&lr=&id=W7EfEAAAQBAJ&oi=fnd&pg=PR14&dq=info:-5L83xhpI6UJ:scholar.google.com&ots=wMkbKKlgsL&sig=HWKoQ_ef7EomkqGwyQ_hgI97CqU"
"Federated Learning Meets Contract Theory: Energy-Efficient Framework for Electric Vehicle Networks","2020","arXiv e-prints, arXiv: 2004.01828, 2020","Yuris Mulya Saputra, Diep N. Nguyen, Dinh Thai Hoang, Thang Xuan Vu, Eryk Dutkiewicz, Symeon Chatzinotas","arXiv e-prints","","","arXiv: 2004.01828","","https://ui.adsabs.harvard.edu/abs/2020arXiv200401828M/abstract"
"An Efficient Algorithm for the k-Dominating Set Problem on Very Large-Scale Networks (Extended Abstract)","2019","Computational Data and Social Networks: 8th International Conference, CSoNet …, 2019","Minh Hai Nguyen, Minh Hoàng Hà, Dinh Thai Hoang, Diep N. Nguyen, Eryk Dutkiewicz, The Trung Tran","","","","74-76","Springer International Publishing","https://link.springer.com/chapter/10.1007/978-3-030-34980-6_9"
"Energy demand prediction with federated learning for electric vehicle networks","2019","arXiv e-prints, arXiv: 1909.00907, 2019","Yuris Mulya Saputra, Dinh Thai Hoang, Diep N. Nguyen, Eryk Dutkiewicz, Markus Dominik Mueck, Srikathyayani Srikanteswara","arXiv e-prints","","","arXiv: 1909.00907","","https://ui.adsabs.harvard.edu/abs/2019arXiv190900907M/abstract"
"Harvesting Short-Lived White Spaces via Opportunistic Traffic Offloading Between Mobile Service Providers","2018","IEEE Transactions on Cognitive Communications and Networking 4 (3), 635-647, 2018","Diep N. Nguyen, Eryk Dutkiewicz, Marwan Krunz","IEEE Transactions on Cognitive Communications and Networking","4","3","635-647","IEEE","https://ieeexplore.ieee.org/abstract/document/8370100/"
"Artificial Intelligence (AI): What Is It and What Does It Mean for Us?","","The Differential, 0","Brandon Ngo, Diep Nguyen","The Differential","","","","","https://www.thedifferentialdx.com/artificial-intelligence-ai-mean-us/"
"Dynamic Resource Allocation for Metaverse Applications with Deep Reinforcement Learning","2023","arXiv preprint arXiv:2302.13445, 2023","Nam H. Chu, Diep N. Nguyen, Dinh Thai Hoang, Khoa T. Phan, Eryk Dutkiewicz, Dusit Niyato, Tao Shu","arXiv preprint arXiv:2302.13445","","","","","https://arxiv.org/abs/2302.13445"
"Network-Aided Intelligent Traffic Steering in 6G ORAN: A Multi-Layer Optimization Framework","2023","arXiv preprint arXiv:2302.02711, 2023","Van-Dinh Nguyen, Thang X. Vu, Nhan Thanh Nguyen, Dinh C. Nguyen, Markku Juntti, Nguyen Cong Luong, Dinh Thai Hoang, Diep N. Nguyen, Symeon Chatzinotas","arXiv preprint arXiv:2302.02711","","","","","https://arxiv.org/abs/2302.02711"
"Distributed Traffic Synthesis and Classification in Edge Networks: A Federated Self-supervised Learning Approach","2023","IEEE Transactions on Mobile Computing, 2023","Yong Xiao, Rong Xia, Yingyu Li, Guangming Shi, Diep N. Nguyen, Dinh Thai Hoang, Dusit Niyato, Marwan Krunz","IEEE Transactions on Mobile Computing","","","","IEEE","https://ieeexplore.ieee.org/abstract/document/10033088/"
"Toward BCI-enabled Metaverse: A Joint Radio and Computing Resource Allocation Approach","2022","arXiv preprint arXiv:2212.08811, 2022","Nguyen Quang Hieu, Dinh Thai Hoang, Diep N. Nguyen, Eryk Dutkiewicz","arXiv preprint arXiv:2212.08811","","","","","https://arxiv.org/abs/2212.08811"
"Toward BCI-enabled Metaverse: A Joint Radio and Computing Resource Allocation Approach","2022","arXiv e-prints, arXiv: 2212.08811, 2022","Nguyen Quang Hieu, Dinh Thai Hoang, Diep N. Nguyen, Eryk Dutkiewicz","arXiv e-prints","","","arXiv: 2212.08811","","https://ui.adsabs.harvard.edu/abs/2022arXiv221208811Q/abstract"
"Optimal Privacy Preserving in Wireless Federated Learning System over Mobile Edge Computing","2022","arXiv preprint arXiv:2211.07166, 2022","Hai M. Nguyen, Nam H. Chu, Diep N. Nguyen, Dinh Thai Hoang, Minh Hoang Ha, Eryk Dutkiewicz","arXiv preprint arXiv:2211.07166","","","","","https://arxiv.org/abs/2211.07166"
"Label driven Knowledge Distillation for Federated Learning with non-IID Data","2022","arXiv preprint arXiv:2209.14520, 2022","Minh-Duong Nguyen, Quoc-Viet Pham, Dinh Thai Hoang, Long Tran-Thanh, Diep N. Nguyen, Won-Joo Hwang","arXiv preprint arXiv:2209.14520","","","","","https://arxiv.org/abs/2209.14520"
"Finite-Element Analysis of RC Beams Strengthened With CFRP U-Wraps","2022","Mechanics of Composite Materials 58 (4), 567-584, 2022","NT Nguyen, TK Nguyen, DH Du, DN Nguyen","Mechanics of Composite Materials","58","4","567-584","Springer US","https://link.springer.com/article/10.1007/s11029-022-10050-1"
"Frequency Hopping Joint Radar-Communications With Hybrid Sub-Pulse Frequency and Duration Modulation","2022","IEEE Wireless Communications Letters 11 (11), 2300-2304, 2022","Linh Manh Hoang, J. Andrew Zhang, Diep N. Nguyen, Dinh Thai Hoang","IEEE Wireless Communications Letters","11","11","2300-2304","IEEE","https://ieeexplore.ieee.org/abstract/document/9865224/"
"A Novel Transfer Learning Model for Intrusion Detection Systems in IoT Networks","2022","Emerging Trends in Cybersecurity Applications, 45-65, 2022","Ly Vu, Quang Uy Nguyen, Dinh Thai Hoang, Diep N. Nguyen, Eryk Dutkiewicz","","","","45-65","Springer International Publishing","https://link.springer.com/chapter/10.1007/978-3-031-09640-2_3"
"When Virtual Reality Meets Rate Splitting Multiple Access: A Joint Communication and Computation Approach","2022","arXiv e-prints, arXiv: 2207.12114, 2022","Nguyen Quang Hieu, Diep N. Nguyen, Dinh Thai Hoang, Eryk Dutkiewicz","arXiv e-prints","","","arXiv: 2207.12114","","https://ui.adsabs.harvard.edu/abs/2022arXiv220712114Q/abstract"
"Advanced Sensing and Automation Technologies","2022","Enabling Technologies for Social Distancing: Fundamentals, concepts and …, 2022","Yuris Mulya Saputra, Nur Rohman Rosyid, Dinh Thai Hoang, Diep N. Nguyen","Enabling Technologies for Social Distancing: Fundamentals, concepts and solutions","","","","Institution of Engineering and Technology","https://opus.lib.uts.edu.au/rest/bitstreams/e3f19eb9-0671-424c-9309-01758b3f7358/retrieve"
"Social distancing and related technologies: fundamental background","2022","Enabling Technologies for Social Distancing: Fundamentals, concepts and …, 2022","CT Nguyen, DT Hoang, DN Nguyen, E. Dutkiewicz","Enabling Technologies for Social Distancing: Fundamentals, concepts and solutions","","","","Institution of Engineering and Technology","https://opus.lib.uts.edu.au/handle/10453/159277"
"Frequency Hopping Joint Radar-Communications with Hybrid Sub-pulse Frequency and Duration","2022","arXiv preprint arXiv:2204.12090, 2022","Linh Manh Hoang, J. Andrew Zhang, Diep N. Nguyen, Dinh Thai Hoang","arXiv preprint arXiv:2204.12090","","","","","https://arxiv.org/abs/2204.12090"
"Accessing a communication channel using disparate communication systems","2022","US Patent App. 17/420,459, 2022","Ying He, Markus Dominik Mueck, Leonardo Gomes Baltar, Mustafa Emara, Miltiadis Filippou, Ren Ping Liu, Dinh Thai Hoang, Diep Nguyen, Eryk Dutkiewicz, Srikanteswara Srikathyayani","","","","","","https://patents.google.com/patent/US20220086854A1/en"
"The Personal Globe Inventory: The structure of vocational interest in Vietnam","2022","Journal of Employment Counseling 59 (1), 27-36, 2022","Philip Rose, Nguyen Phong Nguyen, Jae Kyung Kim, Diep Nguyen","Journal of Employment Counseling","59","1","27-36","","https://onlinelibrary.wiley.com/doi/abs/10.1002/joec.12176"
"Joint Power Allocation and Rate Control for Rate Splitting Multiple Access Networks with Covert Communications","2022","arXiv e-prints, arXiv: 2203.16807, 2022","Nguyen Quang Hieu, Dinh Thai Hoang, Dusit Niyato, Diep N. Nguyen, Dong In Kim, Abbas Jamalipour","arXiv e-prints","","","arXiv: 2203.16807","","https://ui.adsabs.harvard.edu/abs/2022arXiv220316807Q/abstract"
"Collaborative Learning for Cyberattack Detection in Blockchain Networks","2022","arXiv e-prints, arXiv: 2203.11076, 2022","Tran Viet Khoa, Hai Do Son, Dinh Thai Hoang, Nguyen Linh Trung, Tran Thi Thuy Quynh, Diep N. Nguyen, Nguyen Viet Ha, Eryk Dutkiewicz","arXiv e-prints","","","arXiv: 2203.11076","","https://ui.adsabs.harvard.edu/abs/2022arXiv220311076V/abstract"
"AI-empowered Joint Communication and Radar Systems with Adaptive Waveform for Autonomous Vehicles","2022","arXiv preprint arXiv:2202.11508, 2022","Nam H. Chu, Diep N. Nguyen, Dinh Thai Hoang, Quoc-Viet Pham, Won-Joo Hwang, Eryk Dutkiewicz","arXiv preprint arXiv:2202.11508","","","","","https://arxiv.org/abs/2202.11508"
"Multiple Correlated Jammers Nullification using LSTM-based Deep Dueling Neural Network","2022","arXiv preprint arXiv:2202.03600, 2022","Linh Manh Hoang, Diep N. Nguyen, J. Andrew Zhang, Dinh Thai Hoang","arXiv preprint arXiv:2202.03600","","","","","https://arxiv.org/abs/2202.03600"
"Defeating Eavesdroppers with Ambient Backscatter Communications","2022","arXiv preprint arXiv:2201.06204, 2022","Nguyen Van Huynh, Nguyen Quang Hieu, Nam H. Chu, Diep N. Nguyen, Dinh Thai Hoang, Eryk Dutkiewicz","arXiv preprint arXiv:2201.06204","","","","","https://scholar.google.com/scholar?cluster=17955108858575499276&hl=en&oi=scholarr"
"A novel single-point mutation of NEFH and biallelic SACS mutation presenting as intermediate form Charcot-Marie-Tooth: A case report in Vietnam","2022","Surgical Neurology International 13, 2022","Anh Tuan Truong, Anh Thi Lan Luong, Linh Hai Nguyen, Huong Van Nguyen, Diep Ngoc Nguyen, Ngoc Thi Minh Nguyen","Surgical Neurology International","13","","","Scientific Scholar","https://surgicalneurologyint.com/wp-content/uploads/2022/11/12021/SNI-13-553.pdf"
"Open issues and future research directions","2022","Enabling Technologies for Social Distancing: Fundamentals, concepts and …, 2022","Ngoc Tan Nguyen, Thang Xuan Vu, Dinh Thai Hoang, Diep N. Nguyen, Eryk Dutkiewicz","Enabling Technologies for Social Distancing: Fundamentals, concepts and solutions","","","","IET","https://orbilu.uni.lu/handle/10993/52991"
"Enabling Technologies for Social Distancing: Fundamentals, Concepts and Solutions","2022","IET, 2022","Diep N. Nguyen, Dinh Thai Hoang, Thang Xuan Vu, Eryk Dutkiewicz, Björn Ottersten","","","","","IET","https://orbilu.uni.lu/handle/10993/52990"
"Malnutrition prevalence and burden among medical and surgical Vietnamese patients: opportunity for comprehensive nutrition care","2021","Clinical Nutrition ESPEN 46, S675, 2021","LV Nien, C. Brunton, S. Sulo, HA Nguyen, TNN Nguyen, HK Tran, DN Nguyen, BNT Minh, HT Nguyen, TT Vu, QB Truong, HB Nguyen","Clinical Nutrition ESPEN","46","","S675","Elsevier","https://scholar.google.com/scholar?cluster=18375299609302864542&hl=en&oi=scholarr"
"Low-Complexity Iterative Detection for Dual-Mode Index Modulation in Dispersive Nonlinear Satellite Channels","2021","IEEE Transactions on Communications 70 (2), 1261-1275, 2021","Qiaolin Shi, Nan Wu, Diep N. Nguyen, Xiaojing Huang, Hua Wang, Lajos Hanzo","IEEE Transactions on Communications","70","2","1261-1275","IEEE","https://ieeexplore.ieee.org/abstract/document/9620101/"
"Federated Learning Framework with Straggling Mitigation and Privacy-Awareness for AI-based Mobile Application Services","2021","arXiv e-prints, arXiv: 2106.09261, 2021","Yuris Mulya Saputra, Diep N. Nguyen, Dinh Thai Hoang, Quoc-Viet Pham, Eryk Dutkiewicz, Won-Joo Hwang","arXiv e-prints","","","arXiv: 2106.09261","","https://ui.adsabs.harvard.edu/abs/2021arXiv210609261M/abstract"
"8 Wireless Edge Caching for Mobile Social Networks","2021","Wireless Edge Caching: Modeling, Analysis, and Optimization, 146, 2021","Yuris Mulya Saputra, Dinh Thai Hoang, Diep Nguyen, Eryk Dutkiewicz, Dusit Niyato","Wireless Edge Caching: Modeling, Analysis, and Optimization","","","146","Cambridge University Press","https://books.google.com/books?hl=en&lr=&id=M9X7DwAAQBAJ&oi=fnd&pg=PA146&dq=info:REXaKBPZKkcJ:scholar.google.com&ots=omyxjJBPsR&sig=Ga1gitajOKToiqJ9fqIVk8TkxZY"
"Dynamic Federated Learning-Based Economic Framework for Internet-of-Vehicles","2021","arXiv e-prints, arXiv: 2101.00191, 2021","Yuris Mulya Saputra, Dinh Thai Hoang, Diep N. Nguyen, Le-Nam Tran, Shimin Gong, Eryk Dutkiewicz","arXiv e-prints","","","arXiv: 2101.00191","","https://ui.adsabs.harvard.edu/abs/2021arXiv210100191M/abstract"
"Defeating smart and reactive jammers with unlimited power","2020","f IEEE Wireless Communications and Networking Conference (WCNC),, 2020","H Nguyen, H. Dinh, D. Nguyen, E. Dutkiewicz, M. Mueck","f IEEE Wireless Communications and Networking Conference (WCNC),","","","","","https://opus.lib.uts.edu.au/handle/10453/141226"
"Defeating Jamming Attacks with Ambient Backscatter Communications","2020","IEEE International Conference on Computing, Networking and Communications (ICNC), 2020","H Nguyen, D. Nguyen, H. Dinh, Eryk Dutkiewicz, Markus Mueck, Srikathyayani Srikanteswara","IEEE International Conference on Computing, Networking and Communications (ICNC)","","","","","https://opus.lib.uts.edu.au/bitstream/10453/136519/4/Draft2%2BICNC1.pdf"
"Collaborative learning model for cyberattack detection systems in IoT industry 4.0","2020","","Khoa Tran Viet, Saputra Yuris Mulya, Hoang Dinh Thai, Trung Nguyen Linh, Diep Nguyen N, Ha Nguyen Viet, Dutkiewicz Eryk","","","","","","https://eprints.uet.vnu.edu.vn/eprints/id/eprint/4000/"
"Distributed Deep Learning at the Edge: A Novel Proactive and Cooperative Caching Framework for Mobile Edge Networks","2018","arXiv e-prints, arXiv: 1812.05374, 2018","Yuris Mulya Saputra, Dinh Thai Hoang, Diep N. Nguyen, Eryk Dutkiewicz, Dusit Niyato, Dong In Kim","arXiv e-prints","","","arXiv: 1812.05374","","https://ui.adsabs.harvard.edu/abs/2018arXiv181205374M/abstract"
"A Novel Mobile Edge Network Architecture with Joint Caching-Delivering and Horizontal Cooperation","2018","arXiv e-prints, arXiv: 1810.10700, 2018","Yuris Mulya Saputra, Dinh Thai Hoang, Diep N. Nguyen, Eryk Dutkiewicz","arXiv e-prints","","","arXiv: 1810.10700","","https://ui.adsabs.harvard.edu/abs/2018arXiv181010700M/abstract"
"Optimal length-constrained segmentation and subject-adaptive learning for real-time arrhythmia detection","2018","Proceedings of the 2018 IEEE/ACM International Conference on Connected …, 2018","Kha Vo, Eryk Dutkiewicz","","","","112-119","","https://dl.acm.org/doi/abs/10.1145/3278576.3284385"
"Cyberattack Detection in Mobile Cloud Computing: A Deep Learning Approach","2017","arXiv e-prints, arXiv: 1712.05914, 2017","Khoi Khac Nguyen, Dinh Thai Hoang, Dusit Niyato, Ping Wang, Diep Nguyen, Eryk Dutkiewicz","arXiv e-prints","","","arXiv: 1712.05914","","https://ui.adsabs.harvard.edu/abs/2017arXiv171205914K/abstract"
"Wearable Healthcare Systems: A Single Channel Accelerometer Based Anomaly Detector for Studies of Gait Freezing in Parkinson's Disease","2017","IEEE, 2017","Philip Leong, Alistair McEwan, Thuy Pham, Eryk Dutkiewicz, D. Nguyen","","","","","IEEE","https://scholar.google.com/scholar?cluster=7486560804804415563&hl=en&oi=scholarr"
"An anomaly detection technique in wearable wireless monitoring systems for studies of gait freezing in Parkinson's disease","2017","(IEEE) Institute of Electrical and Electronics Engineers, 2017","Philip Leong, Alistair McEwan, Thuy Pham, E. Dutkiewicz, D. Nguyen","","","","","(IEEE) Institute of Electrical and Electronics Engineers","https://scholar.google.com/scholar?cluster=13639396553245962730&hl=en&oi=scholarr"
"Feature Engineering and Supervised Learning Classifiers for Respiratory Artefact Removal","2016","IEEE Globe Communications Conference (GLOBECOM), 2016","T Pham, DN Nguyen, E. Dutkiewicz, A. McEwan, C. Thamrin, P. Robinson, P. Leong","IEEE Globe Communications Conference (GLOBECOM)","","","","IEEE","https://opus.lib.uts.edu.au/handle/10453/91505"
"ASEAN: One Vision, Whose Identity? Civil Society Engagement with ASEAN in the Advancement of Women's Human Rights and the Construction of an ASEAN Collective Identity","2016","Graduate Institute of International and Development Studies, 2016","Diep Hoang Ngoc Nguyen","","","BOOK","","Graduate Institute of International and Development Studies","https://repository.graduateinstitute.ch/record/294216/"
"Resource allocation strategies for cognitive and cooperative MIMO communications: Algorithm and protocol design","2013","The University of Arizona, 2013","Diep Ngoc Nguyen","","","","","","https://search.proquest.com/openview/86f3b3bfce5b98795d13764ca1972028/1?pq-origsite=gscholar&cbl=18750"
"A Dynamic Edge Caching Framework for Mobile 5G Networks","","","Dinh Thai Hoang, Dusit Niyato, Diep Nguyen, Eryk Dutkiewicz, Ping Wang, Zhu Han","","","","","","https://scholar.archive.org/work/ex7ahs7e3ja6fjhflhpluqyqfi/access/wayback/https://opus.lib.uts.edu.au/bitstream/10453/131924/4/Hoang_Final_Manuscript.pdf"
"DeepFake: Deep Dueling-based Deception Strategy","","","Nguyen Van Huynh, Dinh Thai Hoang, Diep N. Nguyen, Eryk Dutkiewicz","","","","","","https://scholar.google.com/scholar?cluster=13824153885003611602&hl=en&oi=scholarr"
